#;Type;ML for;Final aim;Substance;Population;Title;Authors;Citation;First Author;Journal/Book;Publication Year
1;Org_Article;Text Minning;Ident Patterns;Multiple;Vulnerable;Characterising communities impacted by the 2015 Indiana HIV outbreak: A big data analysis of social media messages associated with HIV and substance abuse;Cuomo RE, Cai M, Shah N, Li J, Chen WH, Obradovich N, Mackey TK.;Drug Alcohol Rev. 2020 May 13. doi: 10.1111/dar.13091. Online ahead of print.;Cuomo RE;Drug Alcohol Rev;2020
2;Org_Article;Prediction;Ident Patterns;Alcohol;Adults;Neuropsychosocial markers of binge drinking in young adults;Gowin JL, Manza P, Ramchandani VA, Volkow ND.;Mol Psychiatry. 2020 May 12. doi: 10.1038/s41380-020-0771-z. Online ahead of print.;Gowin JL;Mol Psychiatry;2020
3;Org_Article;Prediction;Detecting abuse;Opiod;Not specified;Classification of Opioid Usage through Semi-supervised Learning for Total Joint Replacement Patients;Lee S, Wei S, White V, Bain P, Baker C, Li J.;IEEE J Biomed Health Inform. 2020 May 6. doi: 10.1109/JBHI.2020.2992973. Online ahead of print.;Lee S;IEEE J Biomed Health Inform;2020
4;Org_Article;Prediction;Detecting abuse;Opiod;Not specified;Machine Learning Based Opioid Overdose Prediction Using Electronic Health Records;Dong X, Rashidian S, Wang Y, Hajagos J, Zhao X, Rosenthal RN, Kong J, Saltz M, Saltz J, Wang F.;AMIA Annu Symp Proc. 2020 Mar 4 2019:389-398. eCollection 2019.;Dong X;AMIA Annu Symp Proc;2020
5;Review;;;;;Machine-learning approaches to substance-abuse research: emerging trends and their implications;Barenholtz E, Fitzgerald ND, Hahn WE.;Curr Opin Psychiatry. 2020 Apr 16. doi: 10.1097/YCO.0000000000000611. Online ahead of print.;Barenholtz E;Curr Opin Psychiatry;2020
6;Org_Article;Text Minning;Ident Patterns;Multiple;Not specified;Comparing Medical Comorbidities Between Opioid and Cocaine Users: A Data Mining Approach;Kim YM.;Addict Health. 2019 Oct 11(4):223-233. doi: 10.22122/ahj.v11i4.242.;Kim YM;Addict Health;2019
7;Org_Article;Prediction;Ident Risk Pop;Multiple;Adults;Wearable sensor-based detection of stress and craving in patients during treatment for substance use disorder: A mixed methods pilot study;Carreiro S, Chintha KK, Shrestha S, Chapman B, Smelson D, Indic P.;Drug Alcohol Depend. 2020 Apr 1 209:107929. doi: 10.1016/j.drugalcdep.2020.107929. Epub 2020 Mar 3.;Carreiro S;Drug Alcohol Depend;2020
8;Org_Article;Prediction;treat success;Alcohol;Not specified;Predicting alcohol dependence treatment outcomes: a prospective comparative study of clinical psychologists versus 'trained' machine learning models;Symons M, Feeney GFX, Gallagher MR, Young RM, Connor JP.;Addiction. 2020 Mar 9. doi: 10.1111/add.15038. Online ahead of print.;Symons M;Addiction;2020
9;Org_Article;Text Minning;Ident Risk Pop;Opiod;Not specified;Mobile Peer-Support for Opioid Use Disorders: Refinement of an Innovative Machine Learning Tool;Scherzer CR, Ranney ML, Jain S, Bommaraju SP, Patena J, Langdon K, Nimaja E, Jennings E, Beaudoin FL.;J Psychiatr Brain Sci. 2020 5(1):e200001. doi: 10.20900/jpbs.20200001. Epub 2020 Feb 3.;Scherzer CR;J Psychiatr Brain Sci;2020
10;Org_Article;Text Minning;Detecting abuse;Multiple;Not specified;Promoting Reproducible Research for Characterizing Nonmedical Use of Medications Through Data Annotation: Description of a Twitter Corpus and Guidelines;O'Connor K, Sarker A, Perrone J, Gonzalez Hernandez G.;J Med Internet Res. 2020 Feb 26 22(2):e15861. doi: 10.2196/15861.;O'Connor K;J Med Internet Res;2020
11;Org_Article;Prediction;Detecting abuse;Opiod;Not specified;Using contributing causes of death improves prediction of opioid involvement in unclassified drug overdoses in US death records;Boslett AJ, Denham A, Hill EL.;Addiction. 2020 Feb 27. doi: 10.1111/add.14943. Online ahead of print.;Boslett AJ;Addiction;2020
12;Review;;;;;Mobile Sensing in Substance Use Research: A Scoping Review;Lauvsnes ADF, Langaas M, Toussaint P, Gråwe RW.;Telemed J E Health. 2020 Feb 24. doi: 10.1089/tmj.2019.0241. Online ahead of print.;Lauvsnes ADF;Telemed J E Health;2020
13;Review;;;;;Drug Abuse Research Trend Investigation with Text Mining;Chou LW, Chang KM, Puspitasari I.;Comput Math Methods Med. 2020 Feb 1 2020:1030815. doi: 10.1155/2020/1030815. eCollection 2020.;Chou LW;Comput Math Methods Med;2020
14;Org_Article;Text Minning;Ident Patterns;Alcohol;Not specified;Cultural Differences in Tweeting about Drinking Across the US;Giorgi S, Yaden DB, Eichstaedt JC, Ashford RD, Buffone AEK, Schwartz HA, Ungar LH, Curtis B.;Int J Environ Res Public Health. 2020 Feb 11 17(4):1125. doi: 10.3390/ijerph17041125.;Giorgi S;Int J Environ Res Public Health;2020
15;Org_Article;Basic Research;Ident Patterns;Multiple;Not specified;Common genetic substrates of alcohol and substance use disorder severity revealed by pleiotropy detection against GWAS catalog in two populations;Peng Q, Wilhelmsen KC, Ehlers CL.;Addict Biol. 2020 Feb 6:e12877. doi: 10.1111/adb.12877. Online ahead of print.;Peng Q;Addict Biol;2020
16;Org_Article;Prediction;Ident Risk Pop;Opiod;Adults;Understanding Opioid Use Disorder (OUD) using tree-based classifiers;Wadekar AS.;Drug Alcohol Depend. 2020 Mar 1 208:107839. doi: 10.1016/j.drugalcdep.2020.107839. Epub 2020 Jan 15.;Wadekar AS;Drug Alcohol Depend;2020
17;Org_Article;Prediction;Ident Risk Pop;Tobacco/Nicotine;Adults;Objective Detection of Cigarette Smoking from Physiological Sensor Signals;Imtiaz MH, Senyurek VY, Belsare P, Tiffany S, Sazonov E.;Conf Proc IEEE Eng Med Biol Soc. 2019 Jul 2019:3563-3566. doi: 10.1109/EMBC.2019.8856831.;Imtiaz MH;Conf Proc IEEE Eng Med Biol Soc;2019
18;Org_Article;Prediction;Ident Risk Pop;Opiod;Adults;Predicting high-risk opioid prescriptions before they are given;Hastings JS, Howison M, Inman SE.;Proc Natl Acad Sci U S A. 2020 Jan 28 117(4):1917-1923. doi: 10.1073/pnas.1905355117. Epub 2020 Jan 14.;Hastings JS;Proc Natl Acad Sci U S A;2020
19;Review;;;;;Toward Addiction Prediction: An Overview of Cross-Validated Predictive Modeling Findings and Considerations for Future Neuroimaging Research;Yip SW, Kiluk B, Scheinost D.;Biol Psychiatry Cogn Neurosci Neuroimaging. 2019 Nov 12:S2451-9022(19)30297-6. doi: 10.1016/j.bpsc.2019.11.001. Online ahead of print.;Yip SW;Biol Psychiatry Cogn Neurosci Neuroimaging;2019
20;Org_Article;Prediction;Ident Patterns;Alcohol;Adolescents;Substance use initiation and the prediction of subsequent academic achievement;Meruelo AD, Castro N, Nguyen-Louie T, Tapert SF.;Brain Imaging Behav. 2020 Jan 4. doi: 10.1007/s11682-019-00219-z. Online ahead of print.;Meruelo AD;Brain Imaging Behav;2020
21;Org_Article;Prediction;Detecting abuse;Opiod;Not specified;The Detection of Opioid Misuse and Heroin Use From Paramedic Response Documentation: Machine Learning for Improved Surveillance;Prieto JT, Scott K, McEwen D, Podewils LJ, Al-Tayyib A, Robinson J, Edwards D, Foldy S, Shlay JC, Davidson AJ.;J Med Internet Res. 2020 Jan 3 22(1):e15645. doi: 10.2196/15645.;Prieto JT;J Med Internet Res;2020
22;Org_Article;Prediction;Ident Risk Pop;Multiple;Adolescents;Analysis of substance use and its outcomes by machine learning I. Childhood evaluation of liability to substance use disorder;Jing Y, Hu Z, Fan P, Xue Y, Wang L, Tarter RE, Kirisci L, Wang J, Vanyukov M, Xie XQ.;Drug Alcohol Depend. 2020 Jan 1 206:107605. doi: 10.1016/j.drugalcdep.2019.107605. Epub 2019 Oct 22.;Jing Y;Drug Alcohol Depend;2020
23;Org_Article;Images;Ident Patterns;Opiod;Not specified;Machine learning: assessing neurovascular signals in the prefrontal cortex with non-invasive bimodal electro-optical neuroimaging in opiate addiction;Ieong HF, Gao F, Yuan Z.;Sci Rep. 2019 Dec 4 9(1):18262. doi: 10.1038/s41598-019-54316-6.;Ieong HF;Sci Rep;2019
24;Org_Article;Text Minning;Detecting abuse;Multiple;Not specified;SMARTS: the social media-based addiction recovery and intervention targeting server;Jha D, Singh R.;Bioinformatics. 2019 Oct 24:btz800. doi: 10.1093/bioinformatics/btz800. Online ahead of print.;Jha D;Bioinformatics;2019
25;Org_Article;Text Minning;Detecting abuse;Multiple;Not specified;Enhancing timeliness of drug overdose mortality surveillance: A machine learning approach;Ward PJ, Rock PJ, Slavova S, Young AM, Bunn TL, Kavuluru R.;PLoS One. 2019 Oct 16 14(10):e0223318. doi: 10.1371/journal.pone.0223318. eCollection 2019.;Ward PJ;PLoS One;2019
26;Org_Article;Prediction;Ident Risk Pop;Multiple;Adolescents;Analysis of substance use and its outcomes by machine learning: II. Derivation and prediction of the trajectory of substance use severity;Hu Z, Jing Y, Xue Y, Fan P, Wang L, Vanyukov M, Kirisci L, Wang J, Tarter RE, Xie XQ.;Drug Alcohol Depend. 2020 Jan 1 206:107604. doi: 10.1016/j.drugalcdep.2019.107604. Epub 2019 Oct 1.;Hu Z;Drug Alcohol Depend;2020
27;Review;Text Minning;;;;Mining social media for prescription medication abuse monitoring: a review and proposal for a data-centric framework;Sarker A, DeRoos A, Perrone J.;J Am Med Inform Assoc. 2020 Feb 1 27(2):315-329. doi: 10.1093/jamia/ocz162.;Sarker A;J Am Med Inform Assoc;2020
28;Org_Article;Text Minning;Detecting abuse;Multiple;Not specified;Extracting Alcohol and Substance Abuse Status from Clinical Notes: The Added Value of Nursing Data;Topaz M, Murga L, Bar-Bachar O, Cato K, Collins S.;Stud Health Technol Inform. 2019 Aug 21 264:1056-1060. doi: 10.3233/SHTI190386.;Topaz M;Stud Health Technol Inform;2019
29;Org_Article;Text Minning;Detecting abuse;Opiod;Not specified;Towards Automating Location-Specific Opioid Toxicosurveillance from Twitter via Data Science Methods;Sarker A, Gonzalez-Hernandez G, Perrone J.;Stud Health Technol Inform. 2019 Aug 21 264:333-337. doi: 10.3233/SHTI190238.;Sarker A;Stud Health Technol Inform;2019
30;Org_Article;Text Minning;Detecting abuse;Multiple;Not specified;An Ensemble Deep Learning Model for Drug Abuse Detection in Sparse Twitter-Sphere;Hu H, Phan N, Geller J, Iezzi S, Vo H, Dou D, Chun SA.;Stud Health Technol Inform. 2019 Aug 21 264:163-167. doi: 10.3233/SHTI190204.;Hu H;Stud Health Technol Inform;2019
31;Org_Article;Prediction;Ident Risk Pop;Alcohol;Not specified;Using Machine Learning to Classify Individuals With Alcohol Use Disorder Based on Treatment Seeking Status;Lee MR, Sankar V, Hammer A, Kennedy WG, Barb JJ, McQueen PG, Leggio L.;EClinicalMedicine. 2019 Jun 17 12:70-78. doi: 10.1016/j.eclinm.2019.05.008. eCollection 2019 Jul.;Lee MR;EClinicalMedicine;2019
32;Org_Article;Prediction;Ident Patterns;Multiple;Vulnerable;Understanding pathways between PTSD, homelessness, and substance use among adolescents;Davis JP, Diguiseppi G, De Leon J, Prindle J, Sedano A, Rivera D, Henwood B, Rice E.;Psychol Addict Behav. 2019 Aug 33(5):467-476. doi: 10.1037/adb0000488. Epub 2019 Jul 25.;Davis JP;Psychol Addict Behav;2019
33;Org_Article;Text Minning;Detecting abuse;Opiod;Not specified;Subtypes in patients with opioid misuse: A prognostic enrichment strategy using electronic health record data in hospitalized patients;Afshar M, Joyce C, Dligach D, Sharma B, Kania R, Xie M, Swope K, Salisbury-Afshar E, Karnik NS.;PLoS One. 2019 Jul 16 14(7):e0219717. doi: 10.1371/journal.pone.0219717. eCollection 2019.;Afshar M;PLoS One;2019
34;Org_Article;Prediction;Ident Patterns;Cannabis/Marijuana;Not specified;Triangulating web & general population surveys: Do results match legal cannabis market sales?;Caulkins JP, Davenport S, Doanvo A, Furlong K, Siddique A, Turner M, Kilmer B.;Int J Drug Policy. 2019 Nov 73:293-300. doi: 10.1016/j.drugpo.2019.06.010. Epub 2019 Jul 2.;Caulkins JP;Int J Drug Policy;2019
35;Org_Article;Basic Research;Ident Patterns;Multiple;Not specified;Computational Systems Pharmacology-Target Mapping for Fentanyl-Laced Cocaine Overdose;Cheng J, Wang S, Lin W, Wu N, Wang Y, Chen M, Xie XQ, Feng Z.;ACS Chem Neurosci. 2019 Aug 21 10(8):3486-3499. doi: 10.1021/acschemneuro.9b00109. Epub 2019 Jul 15.;Cheng J;ACS Chem Neurosci;2019
36;Org_Article;Text Minning;Detecting abuse;Opiod;Not specified;Using natural language processing of clinical text to enhance identification of opioid-related overdoses in electronic health records data;Hazlehurst B, Green CA, Perrin NA, Brandes J, Carrell DS, Baer A, DeVeaugh-Geiss A, Coplan PM.;Pharmacoepidemiol Drug Saf. 2019 Aug 28(8):1143-1151. doi: 10.1002/pds.4810. Epub 2019 Jun 19.;Hazlehurst B;Pharmacoepidemiol Drug Saf;2019
37;Org_Article;Prediction;Detecting abuse;Multiple;Not specified;A Machine Learning Approach for the Detection and Characterization of Illicit Drug Dealers on Instagram: Model Evaluation Study;Li J, Xu Q, Shah N, Mackey TK.;J Med Internet Res. 2019 Jun 15 21(6):e13803. doi: 10.2196/13803.;Li J;J Med Internet Res;2019
38;Org_Article;Images;Ident Patterns;Alcohol;Vulnerable;Data-Driven Exploration of Brain Structure Using Statistical Machine Learning: Validity of Derived Diagnostic Patterns in Alcohol Use Disorder and Human Immunodeficiency Virus Infection;Fennema-Notestine C.;Biol Psychiatry Cogn Neurosci Neuroimaging. 2019 Jun 4(6):508-509. doi: 10.1016/j.bpsc.2019.04.008.;Fennema-Notestine C;Biol Psychiatry Cogn Neurosci Neuroimaging;2019
39;Org_Article;Basic Research;Ident Patterns;Alcohol;Not specified;Salivary microRNAs identified by small RNA sequencing and machine learning as potential biomarkers of alcohol dependence;Rosato AJ, Chen X, Tanaka Y, Farrer LA, Kranzler HR, Nunez YZ, Henderson DC, Gelernter J, Zhang H.;Epigenomics. 2019 May 11(7):739-749. doi: 10.2217/epi-2018-0177. Epub 2019 May 29.;Rosato AJ;Epigenomics;2019
40;Org_Article;Text Minning;Detecting abuse;Multiple;Adults;Evaluating alcohol and marijuana use among emerging adult males via analysis of text messages;Pizzicato LN, Barbour RC, Kershaw T.;Subst Use Misuse. 2019 54(9):1547-1557. doi: 10.1080/10826084.2019.1594902. Epub 2019 Apr 25.;Pizzicato LN;Subst Use Misuse;2019
41;Org_Article;Text Minning;Detecting abuse;Opiod;Not specified;Identifying and classifying opioid-related overdoses: A validation study;Green CA, Perrin NA, Hazlehurst B, Janoff SL, DeVeaugh-Geiss A, Carrell DS, Grijalva CG, Liang C, Enger CL, Coplan PM.;Pharmacoepidemiol Drug Saf. 2019 Aug 28(8):1127-1137. doi: 10.1002/pds.4772. Epub 2019 Apr 24.;Green CA;Pharmacoepidemiol Drug Saf;2019
42;Org_Article;Prediction;Ident Patterns;Alcohol;Adolescents;Adolescent binge drinking disrupts normal trajectories of brain functional organization and personality maturation;Ruan H, Zhou Y, Luo Q, Robert GH, Desrivières S, Quinlan EB, Liu Z, Banaschewski T, Bokde ALW, Bromberg U, Büchel C, Flor H, Frouin V, Garavan H, Gowland P, Heinz A, Ittermann B, Martinot JL, Martinot MP, Nees F, Orfanos DP, Poustka L, Hohmann S, Fröhner JH, Smolka MN, Walter H, Whelan R, Li F, Schumann G, Feng J  IMAGEN Consortium.;Neuroimage Clin. 2019 22:101804. doi: 10.1016/j.nicl.2019.101804. Epub 2019 Mar 31.;Ruan H;Neuroimage Clin;2019
43;Org_Article;Images;Ident Patterns;Alcohol;Vulnerable;Novel Machine Learning Identifies Brain Patterns Distinguishing Diagnostic Membership of Human Immunodeficiency Virus, Alcoholism, and Their Comorbidity of Individuals;Adeli E, Zahr NM, Pfefferbaum A, Sullivan EV, Pohl KM.;Biol Psychiatry Cogn Neurosci Neuroimaging. 2019 Jun 4(6):589-599. doi: 10.1016/j.bpsc.2019.02.003. Epub 2019 Mar 1.;Adeli E;Biol Psychiatry Cogn Neurosci Neuroimaging;2019
44;Org_Article;Images;Ident Patterns;Cocaine;Not specified;Classification of cocaine-dependent participants with dynamic functional connectivity from functional magnetic resonance imaging data;Sakoglu U, Mete M, Esquivel J, Rubia K, Briggs R, Adinoff B.;J Neurosci Res. 2019 Jul 97(7):790-803. doi: 10.1002/jnr.24421. Epub 2019 Apr 7.;Sakoglu U;J Neurosci Res;2019
45;Org_Article;Images;Ident Patterns;Alcohol;Adults;Resting state connectivity best predicts alcohol use severity in moderate to heavy alcohol users;Fede SJ, Grodin EN, Dean SF, Diazgranados N, Momenan R.;Neuroimage Clin. 2019 22:101782. doi: 10.1016/j.nicl.2019.101782. Epub 2019 Mar 19.;Fede SJ;Neuroimage Clin;2019
46;Org_Article;Prediction;Ident Patterns;Alcohol;Adults;Inhibitory-control event-related potentials correlate with individual differences in alcohol use;O'Halloran L, Rueda-Delgado LM, Jollans L, Cao Z, Boyle R, Vaughan C, Coey P, Whelan R.;Addict Biol. 2020 Mar 25(2):e12729. doi: 10.1111/adb.12729. Epub 2019 Mar 27.;O'Halloran L;Addict Biol;2020
47;Org_Article;Basic Research;Ident Patterns;Multiple;Not specified;Quantitative Systems Pharmacological Analysis of Drugs of Abuse Reveals the Pleiotropy of Their Targets and the Effector Role of mTORC1;Pei F, Li H, Liu B, Bahar I.;Front Pharmacol. 2019 Mar 8 10:191. doi: 10.3389/fphar.2019.00191. eCollection 2019.;Pei F;Front Pharmacol;2019
48;Org_Article;Prediction;Detecting abuse;Opiod;Not specified;Evaluation of Machine-Learning Algorithms for Predicting Opioid Overdose Risk Among Medicare Beneficiaries With Opioid Prescriptions;Lo-Ciganic WH, Huang JL, Zhang HH, Weiss JC, Wu Y, Kwoh CK, Donohue JM, Cochran G, Gordon AJ, Malone DC, Kuza CC, Gellad WF.;JAMA Netw Open. 2019 Mar 1 2(3):e190968. doi: 10.1001/jamanetworkopen.2019.0968.;Lo-Ciganic WH;JAMA Netw Open;2019
49;Review;;;;;Applications of machine learning in addiction studies: A systematic review;Mak KK, Lee K, Park C.;Psychiatry Res. 2019 May 275:53-60. doi: 10.1016/j.psychres.2019.03.001. Epub 2019 Mar 4.;Mak KK;Psychiatry Res;2019
50;Org_Article;Text Minning;Detecting abuse;Multiple;Not specified;Using Neural Multi-task Learning to Extract Substance Abuse Information from Clinical Notes;Lybarger K, Yetisgen M, Ostendorf M.;AMIA Annu Symp Proc. 2018 Dec 5 2018:1395-1404. eCollection 2018.;Lybarger K;AMIA Annu Symp Proc;2018
51;Org_Article;Prediction;Ident Patterns;Alcohol;Not specified;Methodological Advances in the Study of Hidden Variables: A Demonstration on Clinical Alcohol Use Disorder Data;Kummerfeld E, Anker JA, Rix A, Kushner MG.;AMIA Annu Symp Proc. 2018 Dec 5 2018:710-719. eCollection 2018.;Kummerfeld E;AMIA Annu Symp Proc;2018
52;Org_Article;Prediction;treat success;Alcohol;Not specified;Machine learning vs addiction therapists: A pilot study predicting alcohol dependence treatment outcome from patient data in behavior therapy with adjunctive medication;Symons M, Feeney GFX, Gallagher MR, Young RM, Connor JP.;J Subst Abuse Treat. 2019 Apr 99:156-162. doi: 10.1016/j.jsat.2019.01.020. Epub 2019 Jan 30.;Symons M;J Subst Abuse Treat;2019
53;Org_Article;Text Minning;Detecting abuse;Opiod;Not specified;Predicting opioid dependence from electronic health records with machine learning;Ellis RJ, Wang Z, Genes N, Ma'ayan A.;BioData Min. 2019 Jan 29 12:3. doi: 10.1186/s13040-019-0193-0. eCollection 2019.;Ellis RJ;BioData Min;2019
54;Org_Article;Prediction;Detecting abuse;Opiod;Adults;Misuse of prescribed opioids in the United States;Mojtabai R, Amin-Esmaeili M, Nejat E, Olfson M.;Pharmacoepidemiol Drug Saf. 2019 Mar 28(3):345-353. doi: 10.1002/pds.4743. Epub 2019 Feb 5.;Mojtabai R;Pharmacoepidemiol Drug Saf;2019
55;Org_Article;Text Minning;Detecting abuse;Opiod;Not specified;Natural Language Processing-Identified Problem Opioid Use and Its Associated Health Care Costs;Masters ET, Ramaprasan A, Mardekian J, Palmer RE, Gross DE, Cronkite D, Von Korff M, Carrell DS.;J Pain Palliat Care Pharmacother. 2018 Jun-Sep 32(2-3):106-115. doi: 10.1080/15360288.2018.1488794. Epub 2019 Jan 31.;Masters ET;J Pain Palliat Care Pharmacother;2018
56;Org_Article;Basic Research;Ident Patterns;Multiple;Not specified;Association studies of up to 1.2 million individuals yield new insights into the genetic etiology of tobacco and alcohol use;Liu M, Jiang Y, Wedow R, Li Y, Brazel DM, Chen F, Datta G, Davila-Velderrain J, McGuire D, Tian C, Zhan X  23andMe Research Team Peters U, Polderman TJC, Posthuma D, Reiner AP, Rice JP, Rimm E, Rose RJ, Runarsdottir V, Stallings MC, Stančáková A, Stefansson H, Thai KK, Tindle HA, et al.;Nat Genet. 2019 Feb 51(2):237-244. doi: 10.1038/s41588-018-0307-5. Epub 2019 Jan 14.;Liu M;Nat Genet;2019
57;Org_Article;Images;Ident Patterns;Other;Not specified;Support vector machine-based multivariate pattern classification of methamphetamine dependence using arterial spin labeling;Li Y, Cui Z, Liao Q, Dong H, Zhang J, Shen W, Zhou W.;Addict Biol. 2019 Nov 24(6):1254-1262. doi: 10.1111/adb.12705. Epub 2019 Jan 9.;Li Y;Addict Biol;2019
58;Org_Article;Images;Ident Patterns;Cocaine;Not specified;Connectome-Based Prediction of Cocaine Abstinence;Yip SW, Scheinost D, Potenza MN, Carroll KM.;Am J Psychiatry. 2019 Feb 1 176(2):156-164. doi: 10.1176/appi.ajp.2018.17101147. Epub 2019 Jan 4.;Yip SW;Am J Psychiatry;2019
59;Org_Article;Text Minning;Detecting abuse;Alcohol;Adults;Natural language processing and machine learning to identify alcohol misuse from the electronic health record in trauma patients: development and internal validation;Afshar M, Phillips A, Karnik N, Mueller J, To D, Gonzalez R, Price R, Cooper R, Joyce C, Dligach D.;J Am Med Inform Assoc. 2019 Mar 1 26(3):254-261. doi: 10.1093/jamia/ocy166.;Afshar M;J Am Med Inform Assoc;2019
60;Org_Article;Prediction;treat success;Tobacco/Nicotine;Not specified;A Machine-Learning Approach to Predicting Smoking Cessation Treatment Outcomes;Coughlin LN, Tegge AN, Sheffer CE, Bickel WK.;Nicotine Tob Res. 2020 Mar 16 22(3):415-422. doi: 10.1093/ntr/nty259.;Coughlin LN;Nicotine Tob Res;2020
62;Org_Article;Prediction;Detecting abuse;Alcohol;Adolescents;Machine-learning prediction of adolescent alcohol use: a cross-study, cross-cultural validation;Afzali MH, Sunderland M, Stewart S, Masse B, Seguin J, Newton N, Teesson M, Conrod P.;Addiction. 2019 Apr 114(4):662-671. doi: 10.1111/add.14504. Epub 2018 Dec 21.;Afzali MH;Addiction;2019
63;Org_Article;Basic Research;Ident Patterns;Multiple;Not specified;ANCO-GeneDB: annotations and comprehensive analysis of candidate genes for alcohol, nicotine, cocaine and opioid dependence;Hu R, Dai Y, Jia P, Zhao Z.;Database (Oxford). 2018 Jan 1 2018:bay121. doi: 10.1093/database/bay121.;Hu R;Database (Oxford);2018
64;Org_Article;Basic Research;Ident Patterns;Opiod;Not specified;A computational strategy for finding novel targets and therapeutic compounds for opioid dependence;Wu X, Xie S, Wang L, Fan P, Ge S, Xie XQ, Wu W.;PLoS One. 2018 Nov 7 13(11):e0207027. doi: 10.1371/journal.pone.0207027. eCollection 2018.;Wu X;PLoS One;2018
65;Org_Article;Prediction;Ident Patterns;Alcohol;Adults;Causal Network Modeling of the Determinants of Drinking Behavior in Comorbid Alcohol Use and Anxiety Disorder;Anker JJ, Kummerfeld E, Rix A, Burwell SJ, Kushner MG.;Alcohol Clin Exp Res. 2019 Jan 43(1):91-97. doi: 10.1111/acer.13914. Epub 2018 Nov 25.;Anker JJ;Alcohol Clin Exp Res;2019
66;Org_Article;Images;Ident Patterns;Cocaine;Not Human;Cocaine-Induced Preference Conditioning: a Machine Vision Perspective;Traver VJ, Pla F, Miquel M, Carbo-Gas M, Gil-Miravet I, Guarque-Chabrera J.;Neuroinformatics. 2019 Jul 17(3):343-359. doi: 10.1007/s12021-018-9401-1.;Traver VJ;Neuroinformatics;2019
67;Org_Article;Images;Detecting abuse;Multiple;Not specified;Identifying substance use risk based on deep neural networks and Instagram social media data;Hassanpour S, Tomita N, DeLise T, Crosier B, Marsch LA.;Neuropsychopharmacology. 2019 Feb 44(3):487-494. doi: 10.1038/s41386-018-0247-x. Epub 2018 Oct 24.;Hassanpour S;Neuropsychopharmacology;2019
68;Org_Article;Images;Ident Patterns;Multiple;Not specified;Mega-Analysis of Gray Matter Volume in Substance Dependence: General and Substance-Specific Regional Effects;Mackey S, Allgaier N, Chaarani B, Spechler P, Orr C, Bunn J, Allen NB, Alia-Klein N, Batalla A, Blaine S, Brooks S, Caparelli E, Chye YY, Cousijn J, Dagher A, Desrivieres S, Feldstein-Ewing S, Foxe JJ, Goldstein RZ, Goudriaan AE, Heitzeg MM, Hester R, Hutchison K, Korucuoglu O, Li CR, London E, Lorenzetti V, Luijten M, Martin-Santos R, May A, Momenan R, Morales A, Paulus MP, Pearlson G, Rousseau ME, Salmeron BJ, Schluter R, Schmaal L, Schumann G, Sjoerds Z, Stein DJ, Stein EA, Sinha R, Solowij N, Tapert S, Uhlmann A, Veltman D, van Holst R, Whittle S, Wright MJ, Yücel M, Zhang S, Yurgelun-Todd D, Hibar DP, Jahanshad N, Evans A, Thompson PM, Glahn DC, Conrod P, Garavan H  ENIGMA Addiction Working Group.;Am J Psychiatry. 2019 Feb 1 176(2):119-128. doi: 10.1176/appi.ajp.2018.17040415. Epub 2018 Oct 19.;Mackey S;Am J Psychiatry;2019
69;Org_Article;Prediction;Ident Patterns;Other;Adults;Detection of patients with methamphetamine dependence with cue-elicited heart rate variability in a virtual social environment;Wang YG, Shen ZH, Wu XC.;Psychiatry Res. 2018 Dec 270:382-388. doi: 10.1016/j.psychres.2018.10.009. Epub 2018 Oct 2.;Wang YG;Psychiatry Res;2018
70;Org_Article;Basic Research;Ident Patterns;Tobacco/Nicotine;Adults;Genome-wide association study identifies glutamate ionotropic receptor GRIA4 as a risk gene for comorbid nicotine dependence and major depression;Zhou H, Cheng Z, Bass N, Krystal JH, Farrer LA, Kranzler HR, Gelernter J.;Transl Psychiatry. 2018 Oct 4 8(1):208. doi: 10.1038/s41398-018-0258-8.;Zhou H;Transl Psychiatry;2018
71;Org_Article;Prediction;Ident Patterns;Multiple;Adolescents;Data mining techniques for drug use research;Jiménez R, Anupol J, Cajal B, Gervilla E.;Addict Behav Rep. 2018 Sep 20 8:128-135. doi: 10.1016/j.abrep.2018.09.005. eCollection 2018 Dec.;Jiménez R;Addict Behav Rep;2018
72;Org_Article;Prediction;Detecting abuse;Multiple;Adolescents;Dissociable psychosocial profiles of adolescent substance users;Fitzgerald A, Mac Giollabhui N, Dolphin L, Whelan R, Dooley B.;PLoS One. 2018 Aug 30 13(8):e0202498. doi: 10.1371/journal.pone.0202498. eCollection 2018.;Fitzgerald A;PLoS One;2018
74;Org_Article;Images;Ident Patterns;Tobacco/Nicotine;Adults;Classifying and characterizing nicotine use disorder with high accuracy using machine learning and resting-state fMRI;Wetherill RR, Rao H, Hager N, Wang J, Franklin TR, Fan Y.;Addict Biol. 2019 Jul 24(4):811-821. doi: 10.1111/adb.12644. Epub 2018 Jun 27.;Wetherill RR;Addict Biol;2019
75;Org_Article;Text Minning;Ident Risk Pop;Multiple;Not specified;Detecting Recovery Problems Just in Time: Application of Automated Linguistic Analysis and Supervised Machine Learning to an Online Substance Abuse Forum;Kornfield R, Sarma PK, Shah DV, McTavish F, Landucci G, Pe-Romashko K, Gustafson DH.;J Med Internet Res. 2018 Jun 12 20(6):e10136. doi: 10.2196/10136.;Kornfield R;J Med Internet Res;2018
77;Review;;;;;Pathways from epigenomics and glycobiology towards novel biomarkers of addiction and its radical cure;Reece AS, Wang W, Hulse GK.;Med Hypotheses. 2018 Jul 116:10-21. doi: 10.1016/j.mehy.2018.04.011. Epub 2018 Apr 12.;Reece AS;Med Hypotheses;2018
78;Org_Article;Text Minning;Detecting abuse;Opiod;Not specified;Detecting Opioid-Related Aberrant Behavior using Natural Language Processing;Lingeman JM, Wang P, Becker W, Yu H.;AMIA Annu Symp Proc. 2018 Apr 16 2017:1179-1185. eCollection 2017.;Lingeman JM;AMIA Annu Symp Proc;2018
79;Org_Article;Text Minning;Detecting abuse;Opiod;Not specified;Large-scale Analysis of Opioid Poisoning Related Hospital Visits in New York State;Chen X, Wang Y, Yu X, Schoenfeld E, Saltz M, Saltz J, Wang F.;AMIA Annu Symp Proc. 2018 Apr 16 2017:545-554. eCollection 2017.;Chen X;AMIA Annu Symp Proc;2018
80;Org_Article;Text Minning;Detecting abuse;Opiod;Not specified;Deep Learning Solutions for Classifying Patients on Opioid Use;Che Z, St Sauver J, Liu H, Liu Y.;AMIA Annu Symp Proc. 2018 Apr 16 2017:525-534. eCollection 2017.;Che Z;AMIA Annu Symp Proc;2018
81;Org_Article;Text Minning;Ident Patterns;Multiple;Not specified;Candyflipping and Other Combinations: Identifying Drug-Drug Combinations from an Online Forum;Chary M, Yi D, Manini AF.;Front Psychiatry. 2018 Apr 30 9:135. doi: 10.3389/fpsyt.2018.00135. eCollection 2018.;Chary M;Front Psychiatry;2018
82;Org_Article;Prediction;Ident Patterns;Cannabis/Marijuana;Not specified;A New Machine Learning Framework for Understanding the Link Between Cannabis Use and First-Episode Psychosis;Alghamdi W, Stamate D, Stahl D, Zamyatin A, Murray R, Di Forti M.;Stud Health Technol Inform. 2018 248:9-16.;Alghamdi W;Stud Health Technol Inform;2018
83;Org_Article;Text Minning;Ident Patterns;Opiod;Not specified;Opioid Discussion in the Twittersphere;Graves RL, Tufts C, Meisel ZF, Polsky D, Ungar L, Merchant RM.;Subst Use Misuse. 2018 Nov 10 53(13):2132-2139. doi: 10.1080/10826084.2018.1458319. Epub 2018 Apr 16.;Graves RL;Subst Use Misuse;2018
84;Org_Article;Images;Ident Patterns;Alcohol;Not specified;Random forest based classification of alcohol dependence patients and healthy controls using resting state MRI;Zhu X, Du X, Kerich M, Lohoff FW, Momenan R.;Neurosci Lett. 2018 May 29 676:27-33. doi: 10.1016/j.neulet.2018.04.007. Epub 2018 Apr 4.;Zhu X;Neurosci Lett;2018
85;Org_Article;Basic Research;Ident Patterns;Tobacco/Nicotine;Not specified;Analyzing the pathways enriched in genes associated with nicotine dependence in the context of human protein-protein interaction network;Hu Y, Fang Z, Yang Y, Fan T, Wang J.;J Biomol Struct Dyn. 2019 Mar 37(5):1177-1188. doi: 10.1080/07391102.2018.1453377. Epub 2018 Mar 24.;Hu Y;J Biomol Struct Dyn;2019
86;Review;;;;;e-Addictology: An Overview of New Technologies for Assessing and Intervening in Addictive Behaviors;Ferreri F, Bourla A, Mouchabac S, Karila L.;Front Psychiatry. 2018 Mar 1 9:51. doi: 10.3389/fpsyt.2018.00051. eCollection 2018.;Ferreri F;Front Psychiatry;2018
87;Org_Article;Images;treat success;Other;Vulnerable;Machine Learning of Functional Magnetic Resonance Imaging Network Connectivity Predicts Substance Abuse Treatment Completion;Steele VR, Maurer JM, Arbabshirani MR, Claus ED, Fink BC, Rao V, Calhoun VD, Kiehl KA.;Biol Psychiatry Cogn Neurosci Neuroimaging. 2018 Feb 3(2):141-149. doi: 10.1016/j.bpsc.2017.07.003. Epub 2017 Aug 1.;Steele VR;Biol Psychiatry Cogn Neurosci Neuroimaging;2018
88;Review;;;;;Biosignature Discovery for Substance Use Disorders Using Statistical Learning;Baurley JW, McMahan CS, Ervin CM, Pardamean B, Bergen AW.;Trends Mol Med. 2018 Feb 24(2):221-235. doi: 10.1016/j.molmed.2017.12.008. Epub 2018 Feb 4.;Baurley JW;Trends Mol Med;2018
90;Org_Article;Prediction;Ident Patterns;Opiod;Not specified;The Opioid Abuse Risk Screener predicts aberrant same-day urine drug tests and 1-year controlled substance database checks: A brief report;Averill LA, Averill CL, Staley LA, Ozawa-Kirk JL, Kauwe JS, Henrie-Barrus P.;Health Psychol Open. 2017 Dec 22 4(2):2055102917748459. doi: 10.1177/2055102917748459. eCollection 2017 Jul-Dec.;Averill LA;Health Psychol Open;2017
91;Org_Article;Text Minning;Ident Patterns;Multiple;Not specified;Discovery of Psychoactive Substance Addiction Patterns Based on Information Mining Engineering;García-Martínez R, Martins S, Bianco S, Navas H.;Stud Health Technol Inform. 2017 245:1282.;García-Martínez R;Stud Health Technol Inform;2017
92;Review;Text Minning;Ident Risk Pop;Tobacco/Nicotine;Not specified;Identifying Patients' Smoking Status from Electronic Dental Records Data;Patel J, Siddiqui Z, Krishnan A, Thyvalikakath T.;Stud Health Technol Inform. 2017 245:1281.;Patel J;Stud Health Technol Inform;2017
93;Org_Article;Text Minning;Ident Patterns;Opiod;Not specified;Prescription Opioid Dependence in Western New York: Using Data Analytics to Find an Answer to the Opioid Epidemic;Sinha S, Burstein GR, Leonard KE, Murphy TF, Elkin PL.;Stud Health Technol Inform. 2017 245:594-598.;Sinha S;Stud Health Technol Inform;2017
94;Org_Article;Prediction;Ident Risk Pop;Alcohol;Adults;Mobile phone sensors and supervised machine learning to identify alcohol use events in young adults: Implications for just-in-time adaptive interventions;Bae S, Chung T, Ferreira D, Dey AK, Suffoletto B.;Addict Behav. 2018 Aug 83:42-47. doi: 10.1016/j.addbeh.2017.11.039. Epub 2017 Nov 27.;Bae S;Addict Behav;2018
95;Org_Article;Prediction;Ident Patterns;Alcohol;Not specified;An EEG-based functional connectivity measure for automatic detection of alcohol use disorder;Mumtaz W, Saad MNBM, Kamel N, Ali SSA, Malik AS.;Artif Intell Med. 2018 Jan 84:79-89. doi: 10.1016/j.artmed.2017.11.002. Epub 2017 Nov 21.;Mumtaz W;Artif Intell Med;2018
96;Org_Article;Images;Ident Patterns;Alcohol;Not specified;Alcoholism Detection by Data Augmentation and Convolutional Neural Network with Stochastic Pooling;Wang SH, Lv YD, Sui Y, Liu S, Wang SJ, Zhang YD.;J Med Syst. 2017 Nov 17 42(1):2. doi: 10.1007/s10916-017-0845-x.;Wang SH;J Med Syst;2017
97;Org_Article;Text Minning;Ident Patterns;Opiod;Not specified;National substance use patterns on Twitter;Meng HW, Kath S, Li D, Nguyen QC.;PLoS One. 2017 Nov 6 12(11):e0187691. doi: 10.1371/journal.pone.0187691. eCollection 2017.;Meng HW;PLoS One;2017
98;Review;;;;;Development of New Diagnostic Techniques - Machine Learning;Sun D.;Adv Exp Med Biol. 2017 1010:203-215. doi: 10.1007/978-981-10-5562-1_10.;Sun D;Adv Exp Med Biol;2017
99;Review;;;;;Scaling Up Research on Drug Abuse and Addiction Through Social Media Big Data;Kim SJ, Marsch LA, Hancock JT, Das AK.;J Med Internet Res. 2017 Oct 31 19(10):e353. doi: 10.2196/jmir.6426.;Kim SJ;J Med Internet Res;2017
100;Review;;;;;Automatable algorithms to identify nonmedical opioid use using electronic data: a systematic review;Canan C, Polinski JM, Alexander GC, Kowal MK, Brennan TA, Shrank WH.;J Am Med Inform Assoc. 2017 Nov 1 24(6):1204-1210. doi: 10.1093/jamia/ocx066.;Canan C;J Am Med Inform Assoc;2017
101;Org_Article;Prediction;Ident Risk Pop;Cocaine;Not specified;A New Mining Method to Detect Real Time Substance Use Events from Wearable Biosensor Data Stream;Wang J, Fang H, Carreiro S, Wang H, Boyer E.;Int Conf Comput Netw Commun. 2017 Jan 2017:465-470. doi: 10.1109/ICCNC.2017.7876173. Epub 2017 Mar 13.;Wang J;Int Conf Comput Netw Commun;2017
103;Org_Article;Text Minning;Detecting abuse;Opiod;Not specified;Epidemiology from Tweets: Estimating Misuse of Prescription Opioids in the USA from Social Media;Chary M, Genes N, Giraud-Carrier C, Hanson C, Nelson LS, Manini AF.;J Med Toxicol. 2017 Dec 13(4):278-286. doi: 10.1007/s13181-017-0625-5. Epub 2017 Aug 22.;Chary M;J Med Toxicol;2017
104;Org_Article;Prediction;Ident Patterns;Multiple;Not specified;Neurocognitive dysfunction in addiction: Testing hypotheses of diffuse versus selective phenotypic dysfunction with a classification-based approach;Bickel WK, Moody LN, Eddy CR, Franck CT.;Exp Clin Psychopharmacol. 2017 Aug 25(4):322-332. doi: 10.1037/pha0000115.;Bickel WK;Exp Clin Psychopharmacol;2017
105;Org_Article;Images;Ident Patterns;Tobacco/Nicotine;Not specified;Combining Multiple Resting-State fMRI Features during Classification: Optimized Frameworks and Their Application to Nicotine Addiction;Ding X, Yang Y, Stein EA, Ross TJ.;Front Hum Neurosci. 2017 Jul 12 11:362. doi: 10.3389/fnhum.2017.00362. eCollection 2017.;Ding X;Front Hum Neurosci;2017
106;Org_Article;Prediction;Ident Patterns;Alcohol;Vulnerable;Prediction of alcohol use disorder using personality disorder traits: a twin study;Rosenström T, Torvik FA, Ystrom E, Czajkowski NO, Gillespie NA, Aggen SH, Krueger RF, Kendler KS, Reichborn-Kjennerud T.;Addiction. 2018 Jan 113(1):15-24. doi: 10.1111/add.13951. Epub 2017 Aug 23.;Rosenström T;Addiction;2018
107;Org_Article;Text Minning;Ident Patterns;Opiod;Not specified;A text-mining analysis of the public's reactions to the opioid crisis;Glowacki EM, Glowacki JB MS, Wilcox GB.;Subst Abus. 2018 39(2):129-133. doi: 10.1080/08897077.2017.1356795. Epub 2017 Sep 1.;Glowacki EM;Subst Abus;2018
108;Org_Article;Prediction;Ident Patterns;Alcohol;Not specified;Automated network analysis to measure brain effective connectivity estimated from EEG data of patients with alcoholism;Bae Y, Yoo BW, Lee JC, Kim HC.;Physiol Meas. 2017 May 38(5):759-773. doi: 10.1088/1361-6579/aa6b4c. Epub 2017 Apr 27.;Bae Y;Physiol Meas;2017
109;Org_Article;Prediction;treat success;Multiple;Not specified;Use of a machine learning framework to predict substance use disorder treatment success;Acion L, Kelmansky D, van der Laan M, Sahker E, Jones D, Arndt S.;PLoS One. 2017 Apr 10 12(4):e0175383. doi: 10.1371/journal.pone.0175383. eCollection 2017.;Acion L;PLoS One;2017
110;Org_Article;Prediction;Ident Patterns;Alcohol;Not specified;An EEG-based machine learning method to screen alcohol use disorder;Mumtaz W, Vuong PL, Xia L, Malik AS, Rashid RBA.;Cogn Neurodyn. 2017 Apr 11(2):161-171. doi: 10.1007/s11571-016-9416-y. Epub 2016 Oct 24.;Mumtaz W;Cogn Neurodyn;2017
111;Org_Article;Prediction;Ident Risk Pop;Alcohol;Not Human;Identifying Future Drinkers: Behavioral Analysis of Monkeys Initiating Drinking to Intoxication is Predictive of Future Drinking Classification;Baker EJ, Walter NA, Salo A, Rivas Perea P, Moore S, Gonzales S, Grant KA.;Alcohol Clin Exp Res. 2017 Mar 41(3):626-636. doi: 10.1111/acer.13327. Epub 2017 Feb 16.;Baker EJ;Alcohol Clin Exp Res;2017
112;Org_Article;Text Minning;Ident Risk Pop;Opiod;Not specified;Enhancing Risk Assessment in Patients Receiving Chronic Opioid Analgesic Therapy Using Natural Language Processing;Haller IV, Renier CM, Juusola M, Hitz P, Steffen W, Asmus MJ, Craig T, Mardekian J, Masters ET, Elliott TE.;Pain Med. 2017 Oct 1 18(10):1952-1960. doi: 10.1093/pm/pnw283.;Haller IV;Pain Med;2017
113;Org_Article;Prediction;Ident Patterns;Multiple;Vulnerable;Factors Associated with HIV Testing Among Participants from Substance Use Disorder Treatment Programs in the US: A Machine Learning Approach;Pan Y, Liu H, Metsch LR, Feaster DJ.;AIDS Behav. 2017 Feb 21(2):534-546. doi: 10.1007/s10461-016-1628-y.;Pan Y;AIDS Behav;2017
115;Org_Article;Text Minning;Ident Patterns;Cannabis/Marijuana;Not specified;"""When 'Bad' is 'Good'"": Identifying Personal Communication and Sentiment in Drug-Related Tweets";Daniulaityte R, Chen L, Lamy FR, Carlson RG, Thirunarayan K, Sheth A.;JMIR Public Health Surveill. 2016 Oct 24 2(2):e162. doi: 10.2196/publichealth.6327.;Daniulaityte R;JMIR Public Health Surveill;2016
116;Org_Article;Images;Ident Patterns;Cocaine;Not specified;Successful classification of cocaine dependence using brain imaging: a generalizable machine learning approach;Mete M, Sakoglu U, Spence JS, Devous MD Sr, Harris TS, Adinoff B.;BMC Bioinformatics. 2016 Oct 6 17(Suppl 13):357. doi: 10.1186/s12859-016-1218-z.;Mete M;BMC Bioinformatics;2016
117;Org_Article;Text Minning;Detecting abuse;Multiple;Not specified;Exploring trends of nonmedical use of prescription drugs and polydrug abuse in the Twittersphere using unsupervised machine learning;Kalyanam J, Katsuki T, R G Lanckriet G, Mackey TK.;Addict Behav. 2017 Feb 65:289-295. doi: 10.1016/j.addbeh.2016.08.019. Epub 2016 Aug 17.;Kalyanam J;Addict Behav;2017
118;Org_Article;Prediction;Ident Risk Pop;Alcohol;Adolescents;Neural Predictors of Initiating Alcohol Use During Adolescence;Squeglia LM, Ball TM, Jacobus J, Brumback T, McKenna BS, Nguyen-Louie TT, Sorg SF, Paulus MP, Tapert SF.;Am J Psychiatry. 2017 Feb 1 174(2):172-185. doi: 10.1176/appi.ajp.2016.15121587. Epub 2016 Aug 19.;Squeglia LM;Am J Psychiatry;2017
119;Org_Article;Basic Research;Ident Patterns;Opiod;Not Human;Genetic signatures of heroin addiction;Chen SJ, Liao DL, Shen TW, Yang HC, Chen KC, Chen CH.;Medicine (Baltimore). 2016 Aug 95(31):e4473. doi: 10.1097/MD.0000000000004473.;Chen SJ;Medicine (Baltimore);2016
120;Org_Article;Prediction;treat success;Tobacco/Nicotine;Not specified;Motivating smokers to quit using computer-generated letters that target either reduction or cessation: A population-based randomized controlled trial among smokers who do not intend to quit;Meyer C, Ulbricht S, Haug S, Broda A, Bischof G, Rumpf HJ, John U.;Drug Alcohol Depend. 2016 Sep 1 166:177-86. doi: 10.1016/j.drugalcdep.2016.07.009. Epub 2016 Jul 15.;Meyer C;Drug Alcohol Depend;2016
121;Org_Article;Prediction;Ident Patterns;Opiod;Not specified;Humoral Dysregulation Associated with Increased Systemic Inflammation among Injection Heroin Users;Piepenbrink MS, Samuel M, Zheng B, Carter B, Fucile C, Bunce C, Kiebala M, Khan AA, Thakar J, Maggirwar SB, Morse D, Rosenberg AF, Haughey NJ, Valenti W, Keefer MC, Kobie JJ.;PLoS One. 2016 Jul 5 11(7):e0158641. doi: 10.1371/journal.pone.0158641. eCollection 2016.;Piepenbrink MS;PLoS One;2016
122;Org_Article;Images;Ident Patterns;Alcohol;Not Human;Multi-modal MRI classifiers identify excessive alcohol consumption and treatment effects in the brain;Cosa A, Moreno A, Pacheco-Torres J, Ciccocioppo R, Hyytiä P, Sommer WH, Moratal D, Canals S.;Addict Biol. 2017 Sep 22(5):1459-1472. doi: 10.1111/adb.12418. Epub 2016 Jun 8.;Cosa A;Addict Biol;2017
123;Org_Article;Prediction;Ident Patterns;Other;Not specified;Candidate gene networks and blood biomarkers of methamphetamine-associated psychosis: an integrative RNA-sequencing report;Breen MS, Uhlmann A, Nday CM, Glatt SJ, Mitt M, Metsalpu A, Stein DJ, Illing N.;Transl Psychiatry. 2016 May 10 6(5):e802. doi: 10.1038/tp.2016.67.;Breen MS;Transl Psychiatry;2016
124;Org_Article;Prediction;Ident Patterns;Cocaine;Not specified;Utility of Machine-Learning Approaches to Identify Behavioral Markers for Substance Use Disorders: Impulsivity Dimensions as Predictors of Current Cocaine Dependence;Ahn WY, Ramesh D, Moeller FG, Vassileva J.;Front Psychiatry. 2016 Mar 10 7:34. doi: 10.3389/fpsyt.2016.00034. eCollection 2016.;Ahn WY;Front Psychiatry;2016
125;Org_Article;Text Minning;Ident Patterns;Multiple;Adolescents;Text mining for identifying topics in the literatures about adolescent substance use and depression;Wang SH, Ding Y, Zhao W, Huang YH, Perkins R, Zou W, Chen JJ.;BMC Public Health. 2016 Mar 19 16:279. doi: 10.1186/s12889-016-2932-1.;Wang SH;BMC Public Health;2016
126;Org_Article;Prediction;Ident Patterns;Multiple;Not specified;Machine-learning identifies substance-specific behavioral markers for opiate and stimulant dependence;Ahn WY, Vassileva J.;Drug Alcohol Depend. 2016 Apr 1 161:247-57. doi: 10.1016/j.drugalcdep.2016.02.008. Epub 2016 Feb 15.;Ahn WY;Drug Alcohol Depend;2016
128;Org_Article;Prediction;Ident Patterns;Opiod;Not specified;A Spiking Neural Network Methodology and System for Learning and Comparative Analysis of EEG Data From Healthy Versus Addiction Treated Versus Addiction Not Treated Subjects;Doborjeh MG, Wang GY, Kasabov NK, Kydd R, Russell B.;IEEE Trans Biomed Eng. 2016 Sep 63(9):1830-1841. doi: 10.1109/TBME.2015.2503400. Epub 2015 Nov 24.;Doborjeh MG;IEEE Trans Biomed Eng;2016
129;Org_Article;Images;Detecting abuse;Multiple;Not specified;Automated Low-Cost Smartphone-Based Lateral Flow Saliva Test Reader for Drugs-of-Abuse Detection;Carrio A, Sampedro C, Sanchez-Lopez JL, Pimienta M, Campoy P.;Sensors (Basel). 2015 Nov 24 15(11):29569-93. doi: 10.3390/s151129569.;Carrio A;Sensors (Basel);2015
130;Org_Article;Images;Ident Patterns;Tobacco/Nicotine;Not specified;Multivariate classification of smokers and nonsmokers using SVM-RFE on structural MRI images;Ding X, Yang Y, Stein EA, Ross TJ.;Hum Brain Mapp. 2015 Dec 36(12):4869-79. doi: 10.1002/hbm.22956. Epub 2015 Oct 24.;Ding X;Hum Brain Mapp;2015
131;Org_Article;Text Minning;Detecting abuse;Opiod;Not specified;Using natural language processing to identify problem usage of prescription opioids;Carrell DS, Cronkite D, Palmer RE, Saunders K, Gross DE, Masters ET, Hylan TR, Von Korff M.;Int J Med Inform. 2015 Dec 84(12):1057-64. doi: 10.1016/j.ijmedinf.2015.09.002. Epub 2015 Sep 25.;Carrell DS;Int J Med Inform;2015
132;Org_Article;Images;treat success;Alcohol;Not specified;Predicting the future relapse of alcohol-dependent patients from structural and functional brain images;Seo S, Mohr J, Beck A, Wüstenberg T, Heinz A, Obermayer K.;Addict Biol. 2015 Nov 20(6):1042-55. doi: 10.1111/adb.12302. Epub 2015 Oct 4.;Seo S;Addict Biol;2015
133;Org_Article;Images;Detecting abuse;Alcohol;Not specified;Drunk driving detection based on classification of multivariate time series;Li Z, Jin X, Zhao X.;J Safety Res. 2015 Sep 54:61-4. doi: 10.1016/j.jsr.2015.06.007. Epub 2015 Jul 29.;Li Z;J Safety Res;2015
134;Org_Article;Prediction;Ident Patterns;Alcohol;Adolescents;Identifying binge drinkers based on parenting dimensions and alcohol-specific parenting practices: building classifiers on adolescent-parent paired data;Crutzen R, Giabbanelli PJ, Jander A, Mercken L, de Vries H.;BMC Public Health. 2015 Aug 5 15:747. doi: 10.1186/s12889-015-2092-8.;Crutzen R;BMC Public Health;2015
135;Org_Article;Images;Ident Patterns;Alcohol;Adolescents;Jumping the Gun: Mapping Neural Correlates of Waiting Impulsivity and Relevance Across Alcohol Misuse;Morris LS, Kundu P, Baek K, Irvine MA, Mechelmans DJ, Wood J, Harrison NA, Robbins TW, Bullmore ET, Voon V.;Biol Psychiatry. 2016 Mar 15 79(6):499-507. doi: 10.1016/j.biopsych.2015.06.009. Epub 2015 Jun 12.;Morris LS;Biol Psychiatry;2016
136;Review;;;;;Opportunities for Exploring and Reducing Prescription Drug Abuse Through Social Media;Scott KR, Nelson L, Meisel Z, Perrone J.;J Addict Dis. 2015 34(2-3):178-84. doi: 10.1080/10550887.2015.1059712.;Scott KR;J Addict Dis;2015
137;Org_Article;Prediction;treat success;Alcohol;Not specified;Subgroup Identification in Personalized Treatment of Alcohol Dependence;Hou J, Seneviratne C, Su X, Taylor J, Johnson B, Wang XQ, Zhang H, Kranzler HR, Kang J, Liu L.;Alcohol Clin Exp Res. 2015 Jul 39(7):1253-9. doi: 10.1111/acer.12759. Epub 2015 May 29.;Hou J;Alcohol Clin Exp Res;2015
138;Org_Article;Images;Ident Patterns;Cannabis/Marijuana;Not specified;An fMRI-Based Neural Signature of Decisions to Smoke Cannabis;Bedi G, Lindquist MA, Haney M.;Neuropsychopharmacology. 2015 Nov 40(12):2657-65. doi: 10.1038/npp.2015.135. Epub 2015 May 12.;Bedi G;Neuropsychopharmacology;2015
139;Org_Article;Images;Detecting abuse;Alcohol;Not specified;Neural networks for identifying drunk persons using thermal infrared imagery;Koukiou G, Anastassopoulos V.;Forensic Sci Int. 2015 Jul 252:69-76. doi: 10.1016/j.forsciint.2015.04.022. Epub 2015 Apr 27.;Koukiou G;Forensic Sci Int;2015
140;Org_Article;Prediction;Ident Patterns;Alcohol;Not specified;Support vector machine and fuzzy C-mean clustering-based comparative evaluation of changes in motor cortex electroencephalogram under chronic alcoholism;Kumar S, Ghosh S, Tetarway S, Sinha RK.;Med Biol Eng Comput. 2015 Jul 53(7):609-22. doi: 10.1007/s11517-015-1264-0. Epub 2015 Mar 13.;Kumar S;Med Biol Eng Comput;2015
141;Org_Article;Text Minning;Detecting abuse;Opiod;Not specified;The prevalence of problem opioid use in patients receiving chronic opioid therapy: computer-assisted review of electronic health record clinical notes;Palmer RE, Carrell DS, Cronkite D, Saunders K, Gross DE, Masters E, Donevan S, Hylan TR, Von Kroff M.;Pain. 2015 Jul 156(7):1208-14. doi: 10.1097/j.pain.0000000000000145.;Palmer RE;Pain;2015
142;Org_Article;Text Minning;Detecting abuse;Opiod;Not specified;Automated prediction of risk for problem opioid use in a primary care setting;Hylan TR, Von Korff M, Saunders K, Masters E, Palmer RE, Carrell D, Cronkite D, Mardekian J, Gross D.;J Pain. 2015 Apr 16(4):380-7. doi: 10.1016/j.jpain.2015.01.011. Epub 2015 Jan 29.;Hylan TR;J Pain;2015
143;Org_Article;Text Minning;Detecting abuse;Multiple;Not specified;Automated Extraction of Substance Use Information from Clinical Texts;Wang Y, Chen ES, Pakhomov S, Arsoniadis E, Carter EW, Lindemann E, Sarkar IN, Melton GB.;AMIA Annu Symp Proc. 2015 Nov 5 2015:2121-30. eCollection 2015.;Wang Y;AMIA Annu Symp Proc;2015
144;Org_Article;Prediction;Ident Patterns;Tobacco/Nicotine;Adults;Use of varenicline for smoking cessation treatment in UK primary care: an association rule mining analysis;Huang Y, Lewis S, Britton J.;BMC Public Health. 2014 Oct 2 14:1024. doi: 10.1186/1471-2458-14-1024.;Huang Y;BMC Public Health;2014
145;Org_Article;Prediction;Ident Risk Pop;Cannabis/Marijuana;Not specified;Predicting cannabis abuse screening test (CAST) scores: a recursive partitioning analysis using survey data from Czech Republic, Italy, the Netherlands and Sweden;Blankers M, Frijns T, Belackova V, Rossi C, Svensson B, Trautmann F, van Laar M.;PLoS One. 2014 Sep 29 9(9):e108298. doi: 10.1371/journal.pone.0108298. eCollection 2014.;Blankers M;PLoS One;2014
146;Org_Article;Basic Research;Ident Patterns;Tobacco/Nicotine;Not specified;Prioritizing Genes Related to Nicotine Addiction Via a Multi-source-Based Approach;Liu X, Liu M, Li X, Zhang L, Fan R, Wang J.;Mol Neurobiol. 2015 Aug 52(1):442-55. doi: 10.1007/s12035-014-8874-7. Epub 2014 Sep 6.;Liu X;Mol Neurobiol;2015
147;Org_Article;Prediction;Ident Patterns;Alcohol;Adolescents;Neuropsychosocial profiles of current and future adolescent alcohol misusers;Whelan R, Watts R, Orr CA, Althoff RR, Artiges E, Banaschewski T, Barker GJ, Bokde AL, Büchel C, Carvalho FM, Conrod PJ, Flor H, Fauth-Bühler M, Frouin V, Gallinat J, Gan G, Gowland P, Heinz A, Ittermann B, Lawrence C, Mann K, Martinot JL, Nees F, Ortiz N, Paillère-Martinot ML, Paus T, Pausova Z, Rietschel M, Robbins TW, Smolka MN, Ströhle A, Schumann G, Garavan H  IMAGEN Consortium.;Nature. 2014 Aug 14 512(7513):185-9. doi: 10.1038/nature13402. Epub 2014 Jul 2.;Whelan R;Nature;2014
148;Org_Article;Images;Ident Patterns;Tobacco/Nicotine;Not specified;Machine learning classification of resting state functional connectivity predicts smoking status;Pariyadath V, Stein EA, Ross TJ.;Front Hum Neurosci. 2014 Jun 16 8:425. doi: 10.3389/fnhum.2014.00425. eCollection 2014.;Pariyadath V;Front Hum Neurosci;2014
150;Org_Article;Prediction;Ident Patterns;Multiple;Not specified;Neuroticism and impulsivity: their hierarchical organization in the personality characterization of drug-dependent patients from a decision tree learning perspective;Valero S, Daigre C, Rodríguez-Cintas L, Barral C, Gomà-I-Freixanet M, Ferrer M, Casas M, Roncero C.;Compr Psychiatry. 2014 Jul 55(5):1227-33. doi: 10.1016/j.comppsych.2014.03.021. Epub 2014 Apr 3.;Valero S;Compr Psychiatry;2014
151;Org_Article;Prediction;Ident Patterns;Other;Not specified;A window into the intoxicated mind? Speech as an index of psychoactive drug effects;Bedi G, Cecchi GA, Slezak DF, Carrillo F, Sigman M, de Wit H.;Neuropsychopharmacology. 2014 Sep 39(10):2340-8. doi: 10.1038/npp.2014.80. Epub 2014 Apr 3.;Bedi G;Neuropsychopharmacology;2014
152;Org_Article;Text Minning;Ident Patterns;Tobacco/Nicotine;Adults;I'll txt U if I have a problem: how the Société Canadienne du cancer in Quebec applied behavior-change theory, data mining and agile software development to help young adults quit smoking;van Mierlo T, Fournier R, Jean-Charles A, Hovington J, Ethier I, Selby P.;PLoS One. 2014 Mar 19 9(3):e91832. doi: 10.1371/journal.pone.0091832. eCollection 2014.;van Mierlo T;PLoS One;2014
153;Org_Article;Prediction;Ident Patterns;Multiple;Adolescents;Multiple and substitute addictions involving prescription drugs misuse among 12th graders: gateway theory revisited with Market Basket Analysis;Jayawardene WP, YoussefAgha AH.;J Addict Med. 2014 Mar-Apr 8(2):102-10. doi: 10.1097/ADM.0000000000000012.;Jayawardene WP;J Addict Med;2014
154;Review;;;;;Exploring drug-target interaction networks of illicit drugs;Atreya RV, Sun J, Zhao Z.;BMC Genomics. 2013 14 Suppl 4(Suppl 4):S1. doi: 10.1186/1471-2164-14-S4-S1. Epub 2013 Oct 1.;Atreya RV;BMC Genomics;2013
155;Org_Article;Basic Research;Ident Patterns;Tobacco/Nicotine;Not specified;A unified GMDR method for detecting gene-gene interactions in family and unrelated samples with application to nicotine dependence;Chen GB, Liu N, Klimentidis YC, Zhu X, Zhi D, Wang X, Lou XY.;Hum Genet. 2014 Feb 133(2):139-50. doi: 10.1007/s00439-013-1361-9. Epub 2013 Sep 21.;Chen GB;Hum Genet;2014
156;Org_Article;Prediction;Ident Risk Pop;Alcohol;Not specified;Predictive modeling of addiction lapses in a mobile health application;Chih MY, Patton T, McTavish FM, Isham AJ, Judkins-Fisher CL, Atwood AK, Gustafson DH.;J Subst Abuse Treat. 2014 Jan 46(1):29-35. doi: 10.1016/j.jsat.2013.08.004. Epub 2013 Sep 10.;Chih MY;J Subst Abuse Treat;2014
157;Org_Article;Basic Research;Ident Patterns;Alcohol;Not specified;Stress-response pathways are altered in the hippocampus of chronic alcoholics;McClintick JN, Xuei X, Tischfield JA, Goate A, Foroud T, Wetherill L, Ehringer MA, Edenberg HJ.;Alcohol. 2013 Nov 47(7):505-15. doi: 10.1016/j.alcohol.2013.07.002. Epub 2013 Aug 24.;McClintick JN;Alcohol;2013
158;Org_Article;Text Minning;Detecting abuse;Multiple;Not specified;PREDOSE: a semantic web platform for drug abuse epidemiology using social media;Cameron D, Smith GA, Daniulaityte R, Sheth AP, Dave D, Chen L, Anand G, Carlson R, Watkins KZ, Falck R.;J Biomed Inform. 2013 Dec 46(6):985-97. doi: 10.1016/j.jbi.2013.07.007. Epub 2013 Jul 25.;Cameron D;J Biomed Inform;2013
159;Review;;;;;Decision making: from neuroscience to psychiatry;Lee D.;Neuron. 2013 Apr 24 78(2):233-48. doi: 10.1016/j.neuron.2013.04.008.;Lee D;Neuron;2013
160;Review;;;;;Leveraging social networks for toxicovigilance;Chary M, Genes N, McKenzie A, Manini AF.;J Med Toxicol. 2013 Jun 9(2):184-91. doi: 10.1007/s13181-013-0299-6.;Chary M;J Med Toxicol;2013
161;Org_Article;Prediction;Ident Patterns;Other;Not specified;Global organization of functional brain connectivity in methamphetamine abusers;Ahmadlou M, Ahmadi K, Rezazade M, Azad-Marzabadi E.;Clin Neurophysiol. 2013 Jun 124(6):1122-31. doi: 10.1016/j.clinph.2012.12.003. Epub 2013 Jan 16.;Ahmadlou M;Clin Neurophysiol;2013
162;Review;;;;;Neurocircuitry for modeling drug effects;Noori HR, Spanagel R, Hansson AC.;Addict Biol. 2012 Sep 17(5):827-64. doi: 10.1111/j.1369-1600.2012.00485.x.;Noori HR;Addict Biol;2012
163;Org_Article;Basic Research;Ident Patterns;Opiod;Not specified;Improved methods to identify stable, highly heritable subtypes of opioid use and related behaviors;Sun J, Bi J, Chan G, Oslin D, Farrer L, Gelernter J, Kranzler HR.;Addict Behav. 2012 Oct 37(10):1138-44. doi: 10.1016/j.addbeh.2012.05.010. Epub 2012 May 26.;Sun J;Addict Behav;2012
164;Org_Article;Basic Research;Ident Patterns;Multiple;Not specified;Autosomal linkage scan for loci predisposing to comorbid dependence on multiple substances;Yang BZ, Han S, Kranzler HR, Farrer LA, Elston RC, Gelernter J.;Am J Med Genet B Neuropsychiatr Genet. 2012 Jun 159B(4):361-9. doi: 10.1002/ajmg.b.32037. Epub 2012 Feb 21.;Yang BZ;Am J Med Genet B Neuropsychiatr Genet;2012
165;Org_Article;Prediction;Ident Risk Pop;Multiple;Not specified;Preliminary efforts directed toward the detection of craving of illicit substances: the iHeal project;Boyer EW, Fletcher R, Fay RJ, Smelson D, Ziedonis D, Picard RW.;J Med Toxicol. 2012 Mar 8(1):5-9. doi: 10.1007/s13181-011-0200-4.;Boyer EW;J Med Toxicol;2012
166;Org_Article;Text Minning;Ident Patterns;Multiple;Adolescents;An artificially intelligent chat agent that answers adolescents' questions related to sex, drugs, and alcohol: an exploratory study;Crutzen R, Peters GJ, Portugal SD, Fisser EM, Grolleman JJ.;J Adolesc Health. 2011 May 48(5):514-9. doi: 10.1016/j.jadohealth.2010.09.002. Epub 2010 Dec 30.;Crutzen R;J Adolesc Health;2011
167;Org_Article;Basic Research;Ident Patterns;Cocaine;Not Human;AKAP signaling in reinstated cocaine seeking revealed by iTRAQ proteomic analysis;Reissner KJ, Uys JD, Schwacke JH, Comte-Walters S, Rutherford-Bethard JL, Dunn TE, Blumer JB, Schey KL, Kalivas PW.;Version 2. J Neurosci. 2011 Apr 13 31(15):5648-58. doi: 10.1523/JNEUROSCI.3452-10.2011.;Reissner KJ;J Neurosci;2011
168;Org_Article;Prediction;Ident Risk Pop;Cannabis/Marijuana;Adolescents;Quantification of the influence of friends and antisocial behaviour in adolescent consumption of cannabis using the ZINB model and data mining;Gervilla E, Cajal B, Palmer A.;Addict Behav. 2011 Apr 36(4):368-74. doi: 10.1016/j.addbeh.2010.12.007. Epub 2010 Dec 10.;Gervilla E;Addict Behav;2011
169;Review;;;;;Morphinome--a meta-analysis applied to proteomics studies in morphine dependence;Bodzon-Kułakowska A, Kułakowski K, Drabik A, Moszczynski A, Silberring J, Suder P.;Proteomics. 2011 Jan 11(1):5-21. doi: 10.1002/pmic.200900848. Epub 2010 Dec 6.;Bodzon-Kułakowska A;Proteomics;2011
170;Org_Article;Prediction;Ident Patterns;Multiple;Adolescents;Study of the factors associated with substance use in adolescence using Association Rules;García EG, Blasco BC, López RJ, Pol AP.;Adicciones. 2010 22(4):293-9.;García EG;Adicciones;2010
171;Review;;;;;Design, synthesis and interaction at the vesicular monoamine transporter-2 of lobeline analogs: potential pharmacotherapies for the treatment of psychostimulant abuse;Crooks PA, Zheng G, Vartak AP, Culver JP, Zheng F, Horton DB, Dwoskin LP.;Curr Top Med Chem. 2011 11(9):1103-27. doi: 10.2174/156802611795371332.;Crooks PA;Curr Top Med Chem;2011
172;Org_Article;Prediction;Ident Patterns;Multiple;Not specified;Application of multivariate probabilistic (Bayesian) networks to substance use disorder risk stratification and cost estimation;Weinstein L, Radano TA, Jack T, Kalina P, Eberhardt JS 3rd.;Perspect Health Inf Manag. 2009 Sep 16 6(Fall):1b.;Weinstein L;Perspect Health Inf Manag;2009
173;Org_Article;Basic Research;Ident Patterns;Tobacco/Nicotine;Not specified;A systems biology network model for genetic association studies of nicotine addiction and treatment;Thomas PD, Mi H, Swan GE, Lerman C, Benowitz N, Tyndale RF, Bergen AW, Conti DV  Pharmacogenetics of Nicotine Addiction and Treatment Consortium.;Pharmacogenet Genomics. 2009 Jul 19(7):538-51. doi: 10.1097/FPC.0b013e32832e2ced.;Thomas PD;Pharmacogenet Genomics;2009
174;Review;;;;;Neurotransmitter systems in alcohol dependence;Heinz A, Beck A, Wrase J, Mohr J, Obermayer K, Gallinat J, Puls I.;Pharmacopsychiatry. 2009 May 42 Suppl 1:S95-S101. doi: 10.1055/s-0029-1214395. Epub 2009 May 11.;Heinz A;Pharmacopsychiatry;2009
175;Org_Article;Prediction;Ident Patterns;Alcohol;Adolescents;The methodology of Data Mining. An application to alcohol consumption in teenagers;Gervilla García E, Jiménez López R, Montaño Moreno JJ, Sesé Abad A, Cajal Blasco B, Palmer Pol A.;Adicciones. 2009 21(1):65-80.;Gervilla García E;Adicciones;2009
176;Org_Article;Basic Research;Ident Patterns;Alcohol;Not specified;Novel strategies to mine alcoholism-related haplotypes and genes by combining existing knowledge framework;Zhang R, Li X, Jiang Y, Liu G, Li C, Zhang F, Xiao Y, Gong B.;Sci China C Life Sci. 2009 Feb 52(2):163-72. doi: 10.1007/s11427-009-0019-2. Epub 2009 Mar 11.;Zhang R;Sci China C Life Sci;2009
177;Org_Article;Basic Research;Ident Patterns;Alcohol;Not specified;Synergistic effects of the dopaminergic and glutamatergic system on hippocampal volume in alcohol-dependent patients;Puls I, Mohr J, Wrase J, Priller J, Behr J, Kitzrow W, Makris N, Breiter HC, Obermayer K, Heinz A.;Biol Psychol. 2008 Sep 79(1):126-36. doi: 10.1016/j.biopsycho.2008.03.001. Epub 2008 Mar 18.;Puls I;Biol Psychol;2008
178;Org_Article;Prediction;treat success;Opiod;Not specified;The effect of DHEA complementary treatment on heroin addicts participating in a rehabilitation program: a preliminary study;Maayan R, Touati-Werner D, Shamir D, Yadid G, Friedman A, Eisner D, Weizman A, Herman I.;Eur Neuropsychopharmacol. 2008 Jun 18(6):406-13. doi: 10.1016/j.euroneuro.2007.12.003. Epub 2008 Mar 17.;Maayan R;Eur Neuropsychopharmacol;2008
179;Org_Article;Prediction;treat success;Alcohol;Not specified;The application of machine learning techniques as an adjunct to clinical decision making in alcohol dependence treatment;Connor JP, Symons M, Feeney GF, Young RM, Wiles J.;Subst Use Misuse. 2007 42(14):2193-206. doi: 10.1080/10826080701658125.;Connor JP;Subst Use Misuse;2007
180;Org_Article;Text Minning;Ident Patterns;Opiod;Not specified;Internet surveillance: content analysis and monitoring of product-specific internet prescription opioid abuse-related postings;Butler SF, Venuti SW, Benoit C, Beaulaurier RL, Houle B, Katz N.;Clin J Pain. 2007 Sep 23(7):619-28. doi: 10.1097/AJP.0b013e318125c5cf.;Butler SF;Clin J Pain;2007
181;Review;;;;;Comprehensive mathematical modeling in drug addiction sciences;Bobashev G, Costenbader E, Gutkin B.;Drug Alcohol Depend. 2007 Jun 15 89(1):102-6. doi: 10.1016/j.drugalcdep.2006.12.029.;Bobashev G;Drug Alcohol Depend;2007
183;Org_Article;Basic Research;Ident Patterns;Multiple;Not Human;Chemoinformatics-based classification of prohibited substances employed for doping in sport;Cannon EO, Bender A, Palmer DS, Mitchell JB.;J Chem Inf Model. 2006 Nov-Dec 46(6):2369-80. doi: 10.1021/ci0601160.;Cannon EO;J Chem Inf Model;2006
184;Review;;;;;The alcohol-preferring AA and alcohol-avoiding ANA rats: neurobiology of the regulation of alcohol drinking;Sommer W, Hyytiä P, Kiianmaa K.;Addict Biol. 2006 Sep 11(3-4):289-309. doi: 10.1111/j.1369-1600.2006.00037.x.;Sommer W;Addict Biol;2006
185;Org_Article;Basic Research;Ident Patterns;Multiple;Not Human;GEDA: new knowledge base of gene expression in drug addiction;Suh YJ, Yang MH, Yoon SJ, Park JH.;J Biochem Mol Biol. 2006 Jul 31 39(4):441-7. doi: 10.5483/bmbrep.2006.39.4.441.;Suh YJ;J Biochem Mol Biol;2006
186;Org_Article;Basic Research;Ident Patterns;Alcohol;Not specified;Analysis of alcoholism data using support vector machines;Yu R, Shete S.;BMC Genet. 2005 Dec 30 6 Suppl 1(Suppl 1):S136. doi: 10.1186/1471-2156-6-S1-S136.;Yu R;BMC Genet;2005
187;Org_Article;Prediction;Ident Patterns;Alcohol;Not specified;Diagnosis of alcoholism based on neural network analysis of phenotypic risk factors;Falk CT.;BMC Genet. 2005 Dec 30 6 Suppl 1(Suppl 1):S131. doi: 10.1186/1471-2156-6-S1-S131.;Falk CT;BMC Genet;2005
188;Org_Article;Basic Research;Ident Patterns;Alcohol;Not specified;Decision forest analysis of large-scale sib-pair identical-by-decent profiles for locating the underlying disease genes for alcoholism in human;Li X, Rao SQ, Zhang W, Guo Z, Jiang W, Du L.;Beijing Da Xue Xue Bao Yi Xue Ban. 2006 Feb 18 38(1):71-3.;Li X;Beijing Da Xue Xue Bao Yi Xue Ban;2006
189;Org_Article;Prediction;Ident Patterns;Cannabis/Marijuana;Adolescents;Artificial neural networks for adolescent marijuana use and clinical features of marijuana dependence;Sears ES, Anthony JC.;Subst Use Misuse. 2004 Jan 39(1):107-34. doi: 10.1081/ja-120027768.;Sears ES;Subst Use Misuse;2004
190;Review;;;;;A brief overview and introduction to artificial neural networks;Buscema M.;Subst Use Misuse. 2002 Jun-Aug 37(8-10):1093-148. doi: 10.1081/ja-120004171.;Buscema M;Subst Use Misuse;2002
192;Org_Article;Prediction;Ident Patterns;Multiple;Not specified;Artificial neural network assessment of substitutive pharmacological treatments in hospitalised intravenous drug users;Grassi MC, Caricati AM, Intraligi M, Buscema M, Nencini P.;Artif Intell Med. 2002 Jan 24(1):37-49. doi: 10.1016/s0933-3657(01)00093-8.;Grassi MC;Artif Intell Med;2002
193;Org_Article;Prediction;Ident Patterns;Alcohol;Not specified;Design of artificial neural network and its applications to the analysis of alcoholism data;Li W, Haghighi F, Falk CT.;Genet Epidemiol. 1999 17 Suppl 1:S223-8. doi: 10.1002/gepi.1370170738.;Li W;Genet Epidemiol;1999
194;Org_Article;Prediction;Ident Patterns;Alcohol;Not specified;"Artificial neural networks for the identification of the differences between ""light"" and ""heavy"" alcoholics, starting from five nonlinear biological variables";Maurelli G, Di Giulio M.;Subst Use Misuse. 1998 Feb 33(3):693-708. doi: 10.3109/10826089809115891.;Maurelli G;Subst Use Misuse;1998
195;Review;;;;;MAIA project: software for the management of toxicodependence treatment process;Ascari A, Dondi M, Gariboldi G.;Subst Use Misuse. 1998 Feb 33(3):657-67. doi: 10.3109/10826089809115889.;Ascari A;Subst Use Misuse;1998
196;Org_Article;Prediction;Ident Patterns;Opiod;Not specified;Use of a constraint satisfaction network model for the evaluation of the methadone treatments of drug addicts;Massini G, Shabtay L.;Subst Use Misuse. 1998 Feb 33(3):625-56. doi: 10.3109/10826089809115888.;Massini G;Subst Use Misuse;1998
197;Org_Article;Prediction;Ident Patterns;Opiod;Not specified;Artificial neural networks for drug vulnerability recognition and dynamic scenarios simulation;Buscema M, Intraligi M, Bricolo R.;Subst Use Misuse. 1998 Feb 33(3):587-623. doi: 10.3109/10826089809115887.;Buscema M;Subst Use Misuse;1998
198;Org_Article;Prediction;Ident Risk Pop;Multiple;Adults;"The use of artificial neural networks methodology in the assessment of ""vulnerability"" to heroin use among army corps soldiers: a preliminary study of 170 cases inside the Military Hospital of Legal Medicine of Verona";Speri L, Schilirò G, Bezzetto A, Cifelli G, De Battisti L, Marchi S, Modenese M, Varalta F, Consigliere F.;Subst Use Misuse. 1998 Feb 33(3):555-86. doi: 10.3109/10826089809115886.;Speri L;Subst Use Misuse;1998
199;Org_Article;Prediction;treat success;Alcohol;Not specified;Using fuzzy logic to predict response to citalopram in alcohol dependence;Naranjo CA, Bremner KE, Bazoon M, Turksen IB.;Clin Pharmacol Ther. 1997 Aug 62(2):209-24. doi: 10.1016/S0009-9236(97)90070-9.;Naranjo CA;Clin Pharmacol Ther;1997
200;Review;;;;;A general presentation of artificial neural networks. I;Buscema M.;Subst Use Misuse. 1997 Jan 32(1):97-112. doi: 10.3109/10826089709027301.;Buscema M;Subst Use Misuse;1997
202;Review;;;;;Automated rule-based decision systems in forensic toxicology using expert knowledge: basic principles and practical applications;Cechner RL, Sutheimer CA.;J Anal Toxicol. 1990 Sep-Oct 14(5):280-4. doi: 10.1093/jat/14.5.280.;Cechner RL;J Anal Toxicol;1990
203;Review;;;;;Expert systems in treating substance abuse;Wesson DR, Hink RH.;West J Med. 1990 May 152(5):585-7.;Wesson DR;West J Med;1990
